url_path,views_total,views_unique
/IceFireDB/redhub,39,32
/IceFireDB/redhub/blob/main/redhub.go,8,3
/IceFireDB/redhub/blob/main/redhub_test.go,5,5
/IceFireDB/redhub/blob/main/pkg/resp/resp.go,4,2
/IceFireDB/redhub/blob/main/example/memory_kv/server.go,3,2
/IceFireDB/redhub/blob/main/pkg/resp/comparse.go,3,1
/IceFireDB/redhub/blob/main/go.mod,2,2
/IceFireDB/redhub/blob/main/CODE-OF-CONDUCT.md,1,1
/IceFireDB/redhub/blob/main/README.md,1,1
/IceFireDB/redhub/commit/40bd47157b7726f5e53626f6d2c2dc04ce344105,1,1
